venue_id,visitor_id,visit_start_time,visit_end_time,venue_type
CO002,V2292,2024-11-16 06:00:00.000000,2024-11-16 06:42:37.178204,coffee_place
UN002,V1372,2024-11-16 06:04:00.000000,2024-11-16 07:22:01.946739,university
CO003,V2806,2024-11-16 06:07:00.000000,2024-11-16 06:43:14.201736,coffee_place
CO004,V2775,2024-11-16 06:16:00.000000,2024-11-16 06:36:57.751298,coffee_place
CO001,V2267,2024-11-16 06:28:00.000000,2024-11-16 07:27:22.211521,coffee_place
CI004,V2827,2024-11-16 06:29:00.000000,2024-11-16 08:55:54.132656,cinema
UN000,V1316,2024-11-16 06:31:00.000000,2024-11-16 08:50:45.041824,university
CO000,V2187,2024-11-16 06:34:00.000000,2024-11-16 07:26:43.777505,coffee_place
CO002,V0761,2024-11-16 06:40:00.000000,2024-11-16 07:13:39.014288,coffee_place
UN000,V2293,2024-11-16 06:42:00.000000,2024-11-16 08:25:25.887634,university
CI004,V0230,2024-11-16 06:47:00.000000,2024-11-16 09:44:03.530457,cinema
CO004,V0283,2024-11-16 06:48:00.000000,2024-11-16 07:13:43.062503,coffee_place
CO004,V0693,2024-11-16 06:52:00.000000,2024-11-16 07:56:11.674304,coffee_place
UN001,V1637,2024-11-16 06:53:00.000000,2024-11-16 07:22:02.585944,university
UN003,V2379,2024-11-16 06:58:00.000000,2024-11-16 07:34:33.676885,university
CO004,V2060,2024-11-16 07:00:00.000000,2024-11-16 07:33:06.477820,coffee_place
CO001,V1430,2024-11-16 07:01:00.000000,2024-11-16 07:44:42.306762,coffee_place
CO002,V1156,2024-11-16 07:02:00.000000,2024-11-16 07:35:59.205196,coffee_place
CO001,V1600,2024-11-16 07:02:00.000000,2024-11-16 07:40:46.542937,coffee_place
CO002,V1515,2024-11-16 07:04:00.000000,2024-11-16 08:04:27.865607,coffee_place
CO004,V0737,2024-11-16 07:05:00.000000,2024-11-16 07:41:39.784750,coffee_place
CO004,V1903,2024-11-16 07:05:00.000000,2024-11-16 07:41:12.510646,coffee_place
CO001,V1941,2024-11-16 07:06:00.000000,2024-11-16 08:14:25.472630,coffee_place
CO004,V1456,2024-11-16 07:07:00.000000,2024-11-16 08:32:14.623918,coffee_place
CO001,V2364,2024-11-16 07:08:00.000000,2024-11-16 07:53:52.521561,coffee_place
CO004,V0928,2024-11-16 07:09:00.000000,2024-11-16 08:13:24.483687,coffee_place
CO002,V1533,2024-11-16 07:10:00.000000,2024-11-16 07:31:32.928921,coffee_place
CO000,V0378,2024-11-16 07:11:00.000000,2024-11-16 08:20:13.646314,coffee_place
CO002,V2239,2024-11-16 07:12:00.000000,2024-11-16 07:59:45.397459,coffee_place
CO001,V0541,2024-11-16 07:12:00.000000,2024-11-16 07:48:49.091127,coffee_place
CO002,V1308,2024-11-16 07:12:00.000000,2024-11-16 07:56:01.283972,coffee_place
CO000,V2477,2024-11-16 07:17:00.000000,2024-11-16 07:58:06.039591,coffee_place
CO003,V0615,2024-11-16 07:19:00.000000,2024-11-16 08:18:06.207135,coffee_place
CO004,V2527,2024-11-16 07:23:00.000000,2024-11-16 08:03:27.592769,coffee_place
CO001,V0378,2024-11-16 07:24:00.000000,2024-11-16 08:06:31.550863,coffee_place
CI004,V1255,2024-11-16 07:25:00.000000,2024-11-16 10:18:57.960527,cinema
CO002,V2184,2024-11-16 07:27:00.000000,2024-11-16 08:17:18.715585,coffee_place
CO002,V0939,2024-11-16 07:28:00.000000,2024-11-16 07:58:56.277634,coffee_place
CO003,V1090,2024-11-16 07:29:00.000000,2024-11-16 08:02:20.594258,coffee_place
CI004,V1213,2024-11-16 07:31:00.000000,2024-11-16 09:53:42.251302,cinema
CO000,V1603,2024-11-16 07:33:00.000000,2024-11-16 07:57:47.542514,coffee_place
CO003,V0818,2024-11-16 07:33:00.000000,2024-11-16 08:41:33.333765,coffee_place
CO003,V0818,2024-11-16 07:34:00.000000,2024-11-16 08:22:31.935159,coffee_place
CO002,V0281,2024-11-16 07:35:00.000000,2024-11-16 08:45:51.532863,coffee_place
CO000,V2626,2024-11-16 07:38:00.000000,2024-11-16 08:37:01.892146,coffee_place
CI004,V2599,2024-11-16 07:39:00.000000,2024-11-16 10:24:47.282862,cinema
CO003,V1973,2024-11-16 07:39:00.000000,2024-11-16 08:10:48.823216,coffee_place
CO000,V2086,2024-11-16 07:39:00.000000,2024-11-16 08:20:51.832737,coffee_place
CO001,V2550,2024-11-16 07:40:00.000000,2024-11-16 08:50:12.364426,coffee_place
CO003,V2000,2024-11-16 07:46:00.000000,2024-11-16 08:13:54.650461,coffee_place
CO003,V0445,2024-11-16 07:47:00.000000,2024-11-16 09:55:07.944043,coffee_place
UN002,V2880,2024-11-16 07:47:00.000000,2024-11-16 14:29:08.744888,university
CO003,V1982,2024-11-16 07:52:00.000000,2024-11-16 07:57:00.000000,coffee_place
CO001,V0587,2024-11-16 07:52:00.000000,2024-11-16 08:36:01.978976,coffee_place
CO002,V0211,2024-11-16 07:53:00.000000,2024-11-16 08:42:09.939821,coffee_place
CO004,V0887,2024-11-16 07:55:00.000000,2024-11-16 08:44:23.576175,coffee_place
CO000,V1075,2024-11-16 07:59:00.000000,2024-11-16 09:02:56.922413,coffee_place
CO002,V1533,2024-11-16 08:02:00.000000,2024-11-16 09:26:50.580832,coffee_place
CO000,V2506,2024-11-16 08:02:00.000000,2024-11-16 09:06:55.481696,coffee_place
CO001,V0123,2024-11-16 08:02:00.000000,2024-11-16 08:54:53.120806,coffee_place
CO003,V1739,2024-11-16 08:03:00.000000,2024-11-16 08:55:39.743086,coffee_place
CO004,V1521,2024-11-16 08:06:00.000000,2024-11-16 09:07:50.505110,coffee_place
UN001,V0676,2024-11-16 08:06:00.000000,2024-11-16 09:26:36.777663,university
UN001,V2808,2024-11-16 08:11:00.000000,2024-11-16 09:03:33.580999,university
CO003,V1926,2024-11-16 08:11:00.000000,2024-11-16 08:47:01.792767,coffee_place
UN000,V0175,2024-11-16 08:12:00.000000,2024-11-16 09:47:57.009435,
CO000,V1042,2024-11-16 08:12:00.000000,2024-11-16 08:48:27.843518,coffee_place
CO000,V2594,2024-11-16 08:12:00.000000,2024-11-16 09:00:17.187709,coffee_place
CO003,V1624,2024-11-16 08:12:00.000000,2024-11-16 09:10:24.702793,coffee_place
CO001,V2430,2024-11-16 08:13:00.000000,2024-11-16 08:39:56.287033,coffee_place
CI001,V0801,2024-11-16 08:13:00.000000,2024-11-16 10:51:02.488112,cinema
UN002,V1485,2024-11-16 08:14:00.000000,2024-11-16 09:14:22.585593,university
CO003,V2051,2024-11-16 08:15:00.000000,2024-11-16 09:11:25.025226,coffee_place
UN004,V1637,2024-11-16 08:16:00.000000,2024-11-16 11:10:04.356950,university
UN001,V2693,2024-11-16 08:16:00.000000,2024-11-16 09:25:33.260923,university
CO001,V0048,2024-11-16 08:17:00.000000,2024-11-16 09:00:45.070398,coffee_place
CO003,V2947,2024-11-16 08:19:00.000000,2024-11-16 09:21:19.568017,coffee_place
UN002,V2706,2024-11-16 08:21:00.000000,2024-11-16 09:37:43.579147,university
CO000,V0013,2024-11-16 08:23:00.000000,2024-11-16 09:30:41.733823,coffee_place
CO003,V1650,2024-11-16 08:23:00.000000,2024-11-16 09:16:58.579651,coffee_place
CO001,V1090,2024-11-16 08:24:00.000000,2024-11-16 09:31:46.268494,coffee_place
CO002,V2275,2024-11-16 08:24:00.000000,2024-11-16 09:07:21.499448,coffee_place
CO001,V0921,2024-11-16 08:24:00.000000,2024-11-16 08:45:55.085349,coffee_place
CO003,V0928,2024-11-16 08:25:00.000000,2024-11-16 08:45:06.594243,coffee_place
CO001,V2006,2024-11-16 08:29:00.000000,2024-11-16 09:27:00.406570,coffee_place
CO004,V2014,2024-11-16 08:31:00.000000,2024-11-16 09:15:09.771700,coffee_place
CO000,V1952,2024-11-16 08:33:00.000000,2024-11-16 09:30:24.420618,coffee_place
CO000,V0081,2024-11-16 08:34:00.000000,2024-11-16 09:17:04.227670,coffee_place
CO001,V1342,2024-11-16 08:35:00.000000,2024-11-16 09:00:36.048050,coffee_place
CO000,V0010,2024-11-16 08:37:00.000000,2024-11-16 09:37:26.212900,coffee_place
CO004,V1510,2024-11-16 08:41:00.000000,2024-11-16 09:11:03.401735,coffee_place
UN002,V2680,2024-11-16 08:42:00.000000,2024-11-16 09:52:50.199800,university
UN002,V1919,2024-11-16 08:42:00.000000,2024-11-16 08:48:53.679853,university
CO004,V2053,2024-11-16 08:43:00.000000,2024-11-16 09:38:31.390159,coffee_place
UN002,V1034,2024-11-16 08:44:00.000000,2024-11-16 09:54:27.083916,university
CO001,V2922,2024-11-16 08:45:00.000000,2024-11-16 09:33:07.576697,coffee_place
CO004,V1906,2024-11-16 08:45:00.000000,2024-11-16 09:51:31.536937,coffee_place
CO002,V1629,2024-11-16 08:47:00.000000,2024-11-16 09:44:54.000977,coffee_place
CO004,V0298,2024-11-16 08:49:00.000000,2024-11-16 09:24:52.999682,coffee_place
UN000,V0320,2024-11-16 08:49:00.000000,2024-11-16 08:54:00.000000,university
CO001,V0823,2024-11-16 08:50:00.000000,2024-11-16 09:44:30.850528,coffee_place
UN004,V1006,2024-11-16 08:51:00.000000,2024-11-16 10:56:09.704261,university
CO000,V2164,2024-11-16 08:51:00.000000,2024-11-16 09:44:45.469355,coffee_place
UN004,V2442,2024-11-16 08:53:00.000000,2024-11-16 09:38:29.700404,university
CO002,V0574,2024-11-16 08:53:00.000000,2024-11-16 09:44:26.688609,coffee_place
CO003,V2893,2024-11-16 08:54:00.000000,2024-11-16 09:49:56.342542,coffee_place
CO003,V0765,2024-11-16 08:56:00.000000,2024-11-16 09:46:33.816353,coffee_place
CO002,V0429,2024-11-16 08:57:00.000000,2024-11-16 09:27:50.869907,coffee_place
CO000,V0359,2024-11-16 08:57:00.000000,2024-11-16 09:53:13.115797,coffee_place
CO000,V2915,2024-11-16 08:59:00.000000,2024-11-16 10:48:42.689092,coffee_place
CO000,V1020,2024-11-16 09:02:00.000000,2024-11-16 10:28:40.890952,coffee_place
CO003,V1027,2024-11-16 09:04:00.000000,2024-11-16 09:09:00.000000,coffee_place
UN004,V1509,2024-11-16 09:04:00.000000,2024-11-16 10:19:26.692000,university
CO001,V0632,2024-11-16 09:06:00.000000,2024-11-16 09:27:04.842348,coffee_place
CO002,V1475,2024-11-16 09:06:00.000000,2024-11-16 09:54:48.136213,coffee_place
UN001,V0512,2024-11-16 09:07:00.000000,2024-11-16 10:12:31.313236,university
CO004,V1948,2024-11-16 09:09:00.000000,2024-11-16 10:03:09.079129,coffee_place
CO000,V1058,2024-11-16 09:09:00.000000,2024-11-16 09:46:13.264314,coffee_place
CO003,V1040,2024-11-16 09:11:00.000000,2024-11-16 10:09:48.842871,coffee_place
CO002,V0060,2024-11-16 09:12:00.000000,2024-11-16 10:04:06.168967,coffee_place
CO004,V0298,2024-11-16 09:12:00.000000,2024-11-16 09:28:09.607692,coffee_place
CO004,V0185,2024-11-16 09:12:00.000000,2024-11-16 09:42:02.253375,coffee_place
CO000,V1432,2024-11-16 09:12:00.000000,2024-11-16 10:06:59.961150,coffee_place
CO001,V1457,2024-11-16 09:12:00.000000,2024-11-16 09:46:10.913639,coffee_place
CO000,V2061,2024-11-16 09:14:00.000000,2024-11-16 10:00:04.535282,coffee_place
CO004,V0584,2024-11-16 09:15:00.000000,2024-11-16 10:03:59.487822,coffee_place
CO003,V1977,2024-11-16 09:16:00.000000,2024-11-16 09:54:35.842318,coffee_place
CO000,V0410,2024-11-16 09:17:00.000000,2024-11-16 09:55:01.213439,coffee_place
UN002,V2219,2024-11-16 09:18:00.000000,2024-11-16 12:44:32.106682,university
CO002,V2527,2024-11-16 09:20:00.000000,2024-11-16 10:07:36.208561,coffee_place
CO004,V0487,2024-11-16 09:21:00.000000,2024-11-16 10:03:13.437968,coffee_place
CO001,V2930,2024-11-16 09:21:00.000000,2024-11-16 10:22:01.618690,coffee_place
CO000,V2936,2024-11-16 09:22:00.000000,2024-11-16 10:02:22.258149,coffee_place
CO000,V2450,2024-11-16 09:22:00.000000,2024-11-16 09:45:39.412083,coffee_place
UN000,V2513,2024-11-16 09:22:00.000000,2024-11-16 10:48:10.186038,university
CO004,V2611,2024-11-16 09:23:00.000000,2024-11-16 10:20:36.562518,coffee_place
CO004,V0851,2024-11-16 09:23:00.000000,2024-11-16 10:04:21.575364,coffee_place
UN003,V0288,2024-11-16 09:24:00.000000,2024-11-16 13:02:27.864109,university
CO004,V0518,2024-11-16 09:25:00.000000,2024-11-16 09:56:19.557172,coffee_place
UN000,V1160,2024-11-16 09:26:00.000000,,university
CO002,V0157,2024-11-16 09:27:00.000000,2024-11-16 09:55:29.039843,coffee_place
UN002,V0743,2024-11-16 09:27:00.000000,2024-11-16 10:04:55.671630,university
UN004,V2379,2024-11-16 09:27:00.000000,2024-11-16 12:06:46.619412,university
CO002,V1133,2024-11-16 09:28:00.000000,,coffee_place
CO002,V0019,2024-11-16 09:29:00.000000,2024-11-16 09:47:32.732733,coffee_place
CO002,V2173,2024-11-16 09:29:00.000000,2024-11-16 10:18:41.129489,coffee_place
CO004,V1693,2024-11-16 09:34:00.000000,2024-11-16 10:31:45.541574,coffee_place
CO000,V0417,2024-11-16 09:38:00.000000,2024-11-16 10:42:34.000748,coffee_place
CO000,V0240,2024-11-16 09:38:00.000000,2024-11-16 10:30:22.245592,coffee_place
UN004,V2534,2024-11-16 09:38:00.000000,2024-11-16 10:45:58.887195,university
CO004,V2239,2024-11-16 09:39:00.000000,2024-11-16 11:04:27.874551,coffee_place
CO003,V2174,2024-11-16 09:39:00.000000,2024-11-16 10:30:51.116970,coffee_place
CO003,V0653,2024-11-16 09:42:00.000000,2024-11-16 10:10:24.553484,coffee_place
UN004,V1796,2024-11-16 09:43:00.000000,2024-11-16 10:16:08.260040,university
CO001,V0823,2024-11-16 09:44:00.000000,2024-11-16 10:44:20.810948,coffee_place
CO001,V0779,2024-11-16 09:45:00.000000,2024-11-16 11:41:02.984678,coffee_place
CO000,V0487,2024-11-16 09:46:00.000000,2024-11-16 10:47:29.461923,coffee_place
CO004,V2061,2024-11-16 09:46:00.000000,2024-11-16 10:38:10.291631,coffee_place
CO000,V2682,2024-11-16 09:49:00.000000,2024-11-16 10:20:11.668423,coffee_place
UN002,V1092,2024-11-16 09:51:00.000000,2024-11-16 11:32:02.727548,university
CO002,V2111,2024-11-16 09:51:00.000000,2024-11-16 10:37:53.077537,coffee_place
CO001,V2267,2024-11-16 09:51:00.000000,2024-11-16 10:47:44.383368,coffee_place
CO003,V2290,2024-11-16 09:52:00.000000,2024-11-16 10:53:29.352688,coffee_place
UN000,V0344,2024-11-16 09:53:00.000000,2024-11-16 10:36:49.621310,university
CO003,V2601,2024-11-16 09:56:00.000000,2024-11-16 10:41:27.124871,coffee_place
UN002,V1456,2024-11-16 09:58:00.000000,2024-11-16 11:34:11.259433,university
UN004,V0805,2024-11-16 09:58:00.000000,2024-11-16 12:04:23.353696,university
CO004,V0332,2024-11-16 09:58:00.000000,2024-11-16 10:21:56.461543,coffee_place
CO002,V1075,2024-11-16 10:00:00.000000,2024-11-16 10:49:49.731387,
CO001,V0571,2024-11-16 10:01:00.000000,2024-11-16 11:03:28.669661,coffee_place
CO002,V0541,2024-11-16 10:02:00.000000,2024-11-16 10:47:33.777463,coffee_place
CO002,V0494,2024-11-16 10:04:00.000000,2024-11-16 10:55:20.282565,coffee_place
CO000,V1600,2024-11-16 10:04:00.000000,2024-11-16 10:56:09.341528,coffee_place
CO002,V1521,2024-11-16 10:04:00.000000,2024-11-16 10:10:58.107924,coffee_place
CI000,V2712,2024-11-16 10:05:00.000000,2024-11-16 12:35:36.136223,cinema
UN004,V0420,2024-11-16 10:07:00.000000,2024-11-16 10:48:06.732456,university
CO001,V1156,2024-11-16 10:08:00.000000,2024-11-16 10:49:49.802181,coffee_place
UN003,V2124,2024-11-16 10:11:00.000000,2024-11-16 12:11:18.692083,university
UN000,V0743,2024-11-16 10:12:00.000000,2024-11-16 12:40:38.057997,university
UN002,V0656,2024-11-16 10:16:00.000000,2024-11-16 12:00:49.651211,university
CO002,V0440,2024-11-16 10:17:00.000000,2024-11-16 10:59:23.212668,coffee_place
CO001,V0800,2024-11-16 10:18:00.000000,2024-11-16 13:17:48.347292,coffee_place
CO004,V0564,2024-11-16 10:18:00.000000,2024-11-16 10:56:05.148096,coffee_place
UN002,V0484,2024-11-16 10:19:00.000000,2024-11-16 10:24:00.000000,university
CO003,V1400,2024-11-16 10:19:00.000000,2024-11-16 11:03:36.499164,coffee_place
CO004,V0467,2024-11-16 10:20:00.000000,2024-11-16 11:11:50.042820,coffee_place
CO003,V1057,2024-11-16 10:21:00.000000,2024-11-16 11:20:26.258463,coffee_place
CO002,V0551,2024-11-16 10:21:00.000000,2024-11-16 10:49:34.428010,coffee_place
CO001,V0462,2024-11-16 10:21:00.000000,2024-11-16 10:55:47.139138,coffee_place
UN002,V2379,2024-11-16 10:26:00.000000,2024-11-16 12:30:56.607338,university
UN000,V2373,2024-11-16 10:27:00.000000,2024-11-16 12:51:30.560099,university
CO003,V0405,2024-11-16 10:27:00.000000,2024-11-16 10:35:36.727279,coffee_place
CO000,V1422,2024-11-16 10:27:00.000000,2024-11-16 11:08:48.706573,coffee_place
CO002,V2594,2024-11-16 10:27:00.000000,2024-11-16 11:31:09.356267,coffee_place
CO000,V2553,2024-11-16 10:28:00.000000,2024-11-16 11:11:22.870535,coffee_place
CO000,V1694,2024-11-16 10:28:00.000000,2024-11-16 11:17:46.608387,coffee_place
CO000,V1926,2024-11-16 10:29:00.000000,2024-11-16 11:10:55.071649,coffee_place
CO001,V1033,2024-11-16 10:33:00.000000,2024-11-16 11:14:22.571049,coffee_place
CO002,V0622,2024-11-16 10:34:00.000000,2024-11-16 11:10:57.941703,coffee_place
CO001,V1163,2024-11-16 10:35:00.000000,2024-11-16 11:42:28.534580,coffee_place
CO002,V0689,2024-11-16 10:35:00.000000,2024-11-16 11:30:04.811936,coffee_place
CO000,V1879,2024-11-16 10:37:00.000000,2024-11-16 11:12:47.101372,coffee_place
CO001,V1580,2024-11-16 10:37:00.000000,2024-11-16 11:21:27.633118,coffee_place
CO001,V2364,2024-11-16 10:37:00.000000,2024-11-16 11:18:32.444940,coffee_place
UN001,V1509,2024-11-16 10:38:00.000000,2024-11-16 12:19:31.433252,university
CO004,V2626,2024-11-16 10:41:00.000000,2024-11-16 10:53:34.349674,coffee_place
UN003,V0633,2024-11-16 10:42:00.000000,2024-11-16 12:54:02.525965,university
UN003,V0780,2024-11-16 10:42:00.000000,2024-11-16 11:53:10.053545,university
CO003,V2450,2024-11-16 10:43:00.000000,2024-11-16 11:06:05.766471,coffee_place
CI002,V2438,2024-11-16 10:44:00.000000,2024-11-16 13:38:01.438284,cinema
UN000,V1372,2024-11-16 10:46:00.000000,2024-11-16 12:35:23.971077,university
CO001,V2882,2024-11-16 10:46:00.000000,2024-11-16 11:02:39.620308,coffee_place
UN004,V0484,2024-11-16 10:50:00.000000,2024-11-16 12:44:03.047464,university
CO001,V2070,2024-11-16 10:51:00.000000,2024-11-16 12:09:04.347863,coffee_place
UN004,V1796,2024-11-16 10:51:00.000000,2024-11-16 13:21:33.217331,university
CO004,V1659,2024-11-16 10:52:00.000000,2024-11-16 11:42:19.638850,coffee_place
CO000,V2877,2024-11-16 10:55:00.000000,2024-11-16 11:37:32.113865,coffee_place
CO000,V1722,2024-11-16 10:56:00.000000,2024-11-16 11:33:03.559334,coffee_place
UN003,V1092,2024-11-16 10:59:00.000000,2024-11-16 12:33:40.384671,university
UN004,V0788,2024-11-16 11:02:00.000000,2024-11-16 12:25:16.568668,university
UN003,V2287,2024-11-16 11:02:00.000000,2024-11-16 12:52:34.952026,university
CI004,V0990,2024-11-16 11:02:00.000000,2024-11-16 13:32:15.377165,cinema
UN004,V0344,2024-11-16 11:11:00.000000,2024-11-16 13:06:55.508462,university
CO002,V1173,2024-11-16 11:12:00.000000,2024-11-16 11:40:47.377861,coffee_place
CO000,V2270,2024-11-16 11:13:00.000000,2024-11-16 12:04:09.306850,coffee_place
CO002,V0952,2024-11-16 11:19:00.000000,2024-11-16 12:14:35.606016,coffee_place
CO004,V1427,2024-11-16 11:20:00.000000,2024-11-16 11:48:38.568639,coffee_place
UN001,V0780,2024-11-16 11:21:00.000000,2024-11-16 11:26:00.000000,university
CO001,V2368,2024-11-16 11:27:00.000000,2024-11-16 11:59:56.552371,coffee_place
CO003,V1133,2024-11-16 11:28:00.000000,2024-11-16 11:58:52.649313,coffee_place
UN004,V0512,2024-11-16 11:30:00.000000,2024-11-16 11:35:00.000000,university
UN004,V0805,2024-11-16 11:31:00.000000,2024-11-16 12:08:59.294110,university
UN004,V2708,2024-11-16 11:31:00.000000,2024-11-16 13:20:54.073546,university
UN004,V1796,2024-11-16 11:33:00.000000,2024-11-16 13:17:12.428627,university
CO003,V0467,2024-11-16 11:34:00.000000,2024-11-16 12:06:38.263207,coffee_place
UN001,V0389,2024-11-16 11:35:00.000000,2024-11-16 13:21:50.247702,university
CI002,V1614,2024-11-16 11:37:00.000000,2024-11-16 18:54:23.348282,cinema
UN000,V1007,2024-11-16 11:39:00.000000,2024-11-16 13:09:43.400946,university
UN003,V0144,2024-11-16 11:42:00.000000,2024-11-16 13:19:13.459206,university
UN002,V1465,2024-11-16 11:42:00.000000,2024-11-16 12:34:41.957006,university
UN003,V2357,2024-11-16 11:42:00.000000,2024-11-16 13:16:06.810418,university
UN001,V2373,2024-11-16 11:43:00.000000,2024-11-16 16:40:37.642404,university
CO002,V1530,2024-11-16 11:44:00.000000,2024-11-16 12:29:42.958300,coffee_place
UN000,V2293,2024-11-16 11:47:00.000000,2024-11-16 12:55:27.131563,university
UN001,V0325,2024-11-16 11:48:00.000000,2024-11-16 12:39:47.036996,university
UN000,V0780,2024-11-16 11:51:00.000000,2024-11-16 13:03:10.508870,university
CO001,V0315,2024-11-16 11:56:00.000000,2024-11-16 13:06:48.226857,coffee_place
UN001,V1646,2024-11-16 11:57:00.000000,2024-11-16 13:04:55.916749,university
UN003,V2579,2024-11-16 12:00:00.000000,2024-11-16 13:41:01.007889,university
CO000,V0063,2024-11-16 12:00:00.000000,2024-11-16 12:57:48.489316,coffee_place
UN003,V2693,2024-11-16 12:04:00.000000,2024-11-16 14:24:00.009519,university
UN001,V1372,2024-11-16 12:06:00.000000,2024-11-16 14:15:01.563594,university
UN004,V2357,2024-11-16 12:06:00.000000,,university
CO000,V2015,2024-11-16 12:10:00.000000,2024-11-16 12:49:18.934428,coffee_place
UN001,V2321,2024-11-16 12:12:00.000000,2024-11-16 14:54:21.734360,university
CI000,V1645,2024-11-16 12:12:00.000000,2024-11-16 14:24:46.160198,cinema
UN001,V2559,2024-11-16 12:14:00.000000,2024-11-16 13:33:04.860937,university
CO004,V0571,2024-11-16 12:14:00.000000,2024-11-16 12:59:33.156102,coffee_place
UN002,V1891,2024-11-16 12:19:00.000000,2024-11-16 15:16:56.183351,university
UN004,V2534,2024-11-16 12:20:00.000000,2024-11-16 13:50:07.534244,university
UN000,V0656,2024-11-16 12:20:00.000000,2024-11-16 13:31:35.702668,university
UN004,V1179,2024-11-16 12:20:00.000000,2024-11-16 13:46:08.051304,university
CO003,V0574,2024-11-16 12:29:00.000000,2024-11-16 13:05:18.483950,coffee_place
UN000,V1093,2024-11-16 12:31:00.000000,2024-11-16 14:21:10.338435,university
UN004,V2052,2024-11-16 12:33:00.000000,2024-11-16 13:10:48.179485,university
UN003,V2321,2024-11-16 12:34:00.000000,2024-11-16 13:26:21.257277,university
UN000,V1092,2024-11-16 12:35:00.000000,2024-11-16 13:46:45.151201,university
UN000,V2867,2024-11-16 12:37:00.000000,2024-11-16 13:39:57.521954,university
CO000,V1404,2024-11-16 12:39:00.000000,2024-11-16 13:38:39.852236,coffee_place
UN003,V0964,2024-11-16 12:40:00.000000,2024-11-16 14:58:21.262258,university
UN004,V0658,2024-11-16 12:41:00.000000,2024-11-16 12:46:00.000000,university
UN003,V2708,2024-11-16 12:45:00.000000,2024-11-16 12:50:00.000000,university
CO003,V0632,2024-11-16 12:49:00.000000,2024-11-16 13:15:53.983603,coffee_place
CO002,V0599,2024-11-16 12:51:00.000000,2024-11-16 14:05:10.722206,coffee_place
UN002,V1006,2024-11-16 12:53:00.000000,2024-11-16 15:25:56.374728,university
UN000,V2534,2024-11-16 12:54:00.000000,2024-11-16 14:33:47.502929,university
CI001,V1992,2024-11-16 12:55:00.000000,2024-11-16 15:10:35.351371,cinema
UN004,V0788,2024-11-16 12:58:00.000000,2024-11-16 14:47:32.792118,university
UN004,V0656,2024-11-16 13:02:00.000000,2024-11-16 15:12:33.519394,university
UN004,V1485,2024-11-16 13:05:00.000000,2024-11-16 14:29:26.047246,university
UN004,V1353,2024-11-16 13:11:00.000000,2024-11-16 13:37:20.243424,university
CO002,V0375,2024-11-16 13:13:00.000000,2024-11-16 14:08:16.839425,coffee_place
CO004,V0800,2024-11-16 13:16:00.000000,2024-11-16 15:56:41.368413,coffee_place
CO004,V0462,2024-11-16 13:17:00.000000,2024-11-16 13:57:11.940722,coffee_place
UN004,V2820,2024-11-16 13:19:00.000000,2024-11-16 15:18:54.017659,university
UN001,V0470,2024-11-16 13:20:00.000000,2024-11-16 14:48:00.559079,university
UN002,V0344,2024-11-16 13:23:00.000000,2024-11-16 18:49:22.866207,university
CO001,V1555,2024-11-16 13:23:00.000000,2024-11-16 14:06:36.298618,coffee_place
UN003,V2669,2024-11-16 13:28:00.000000,2024-11-16 13:33:00.000000,university
UN002,V2628,2024-11-16 13:31:00.000000,2024-11-16 17:40:25.004133,university
UN001,V1637,2024-11-16 13:39:00.000000,2024-11-16 13:44:00.000000,university
UN001,V0032,2024-11-16 13:39:00.000000,2024-11-16 17:44:37.103074,university
CI001,V2168,2024-11-16 13:42:00.000000,2024-11-16 15:57:47.991482,cinema
CO001,V2728,2024-11-16 13:43:00.000000,,coffee_place
UN003,V1349,2024-11-16 13:46:00.000000,2024-11-16 14:06:59.385080,university
UN000,V0821,2024-11-16 13:48:00.000000,2024-11-16 15:48:38.850343,university
UN000,V2515,2024-11-16 13:49:00.000000,2024-11-16 15:56:19.155440,university
CO002,V0144,2024-11-16 13:50:00.000000,2024-11-16 14:21:28.462008,coffee_place
UN004,V1713,2024-11-16 13:53:00.000000,2024-11-16 15:13:36.320583,university
CI004,V0014,2024-11-16 13:54:00.000000,2024-11-16 16:22:21.726745,cinema
CO002,V2600,2024-11-16 13:54:00.000000,2024-11-16 16:04:00.257177,coffee_place
UN004,V1353,2024-11-16 13:58:00.000000,2024-11-16 16:08:06.393629,university
CO004,V2568,2024-11-16 13:59:00.000000,2024-11-16 14:22:17.838180,coffee_place
UN002,V1866,2024-11-16 14:00:00.000000,2024-11-16 15:32:10.168747,university
UN004,V2774,2024-11-16 14:01:00.000000,2024-11-16 15:21:22.545844,university
CO001,V1472,2024-11-16 14:01:00.000000,2024-11-16 14:57:18.139108,coffee_place
CO000,V0164,2024-11-16 14:02:00.000000,2024-11-16 14:56:56.216143,coffee_place
CO004,V0950,2024-11-16 14:04:00.000000,2024-11-16 14:39:42.800257,coffee_place
UN001,V0658,2024-11-16 14:04:00.000000,2024-11-16 15:13:51.543678,university
CO002,V1101,2024-11-16 14:04:00.000000,2024-11-16 15:06:01.712017,coffee_place
CO001,V0319,2024-11-16 14:05:00.000000,2024-11-16 14:36:31.837602,coffee_place
CO003,V2174,2024-11-16 14:06:00.000000,2024-11-16 14:57:11.374532,coffee_place
CO002,V0923,2024-11-16 14:07:00.000000,2024-11-16 14:56:07.507515,coffee_place
CO001,V1688,2024-11-16 14:07:00.000000,2024-11-16 14:55:30.236995,coffee_place
CO004,V2818,2024-11-16 14:08:00.000000,2024-11-16 14:56:03.199208,coffee_place
CO000,V0359,2024-11-16 14:08:00.000000,2024-11-16 14:32:19.144120,coffee_place
CO002,V2060,2024-11-16 14:08:00.000000,2024-11-16 14:47:55.557579,coffee_place
UN003,V2351,2024-11-16 14:09:00.000000,2024-11-16 14:34:38.576433,university
UN000,V1250,2024-11-16 14:09:00.000000,2024-11-16 15:26:37.161766,university
UN001,V1646,2024-11-16 14:10:00.000000,2024-11-16 18:02:01.279654,university
UN002,V0470,2024-11-16 14:11:00.000000,2024-11-16 16:41:44.227269,university
CO001,V0779,2024-11-16 14:13:00.000000,2024-11-16 14:54:25.539582,coffee_place
CO001,V2947,2024-11-16 14:13:00.000000,2024-11-16 15:34:32.014892,coffee_place
CO002,V1633,2024-11-16 14:14:00.000000,2024-11-16 14:57:56.343656,coffee_place
CO002,V2657,2024-11-16 14:14:00.000000,2024-11-16 15:22:01.676005,coffee_place
CO004,V2773,2024-11-16 14:15:00.000000,2024-11-16 14:59:26.062517,coffee_place
CO001,V1163,2024-11-16 14:16:00.000000,2024-11-16 14:29:49.244661,coffee_place
CO000,V1606,2024-11-16 14:16:00.000000,2024-11-16 14:39:28.104349,coffee_place
CO000,V1196,2024-11-16 14:17:00.000000,2024-11-16 15:56:30.632651,coffee_place
CO004,V0914,2024-11-16 14:18:00.000000,2024-11-16 15:02:05.265850,coffee_place
CO001,V1330,2024-11-16 14:19:00.000000,2024-11-16 15:15:10.087980,coffee_place
CO000,V1599,2024-11-16 14:20:00.000000,2024-11-16 15:18:10.551461,coffee_place
CO002,V1692,2024-11-16 14:21:00.000000,2024-11-16 15:04:52.855508,coffee_place
CO000,V1027,2024-11-16 14:22:00.000000,2024-11-16 15:12:20.011524,coffee_place
UN004,V2069,2024-11-16 14:23:00.000000,2024-11-16 15:07:49.185458,university
CO001,V2315,2024-11-16 14:24:00.000000,2024-11-16 16:39:34.994057,coffee_place
CO002,V1071,2024-11-16 14:25:00.000000,2024-11-16 16:10:21.826319,coffee_place
CO002,V2329,2024-11-16 14:25:00.000000,2024-11-16 14:52:52.530110,coffee_place
CO001,V1139,2024-11-16 14:26:00.000000,2024-11-16 14:55:41.389209,coffee_place
UN000,V1006,2024-11-16 14:26:00.000000,2024-11-16 15:29:11.783476,university
UN004,V2910,2024-11-16 14:27:00.000000,2024-11-16 16:07:09.623978,university
UN000,V2357,2024-11-16 14:27:00.000000,2024-11-16 14:32:00.000000,university
CO004,V2279,2024-11-16 15:29:05.265034,2024-11-16 14:29:00.000000,coffee_place
CO003,V1432,2024-11-16 14:29:00.000000,2024-11-16 16:59:47.499298,coffee_place
CO004,V0222,2024-11-16 14:30:00.000000,2024-11-16 15:24:31.267716,coffee_place
CO001,V2971,2024-11-16 14:30:00.000000,2024-11-16 15:22:49.462620,coffee_place
CO002,V0761,2024-11-16 14:30:00.000000,2024-11-16 15:00:21.325313,coffee_place
CO001,V1785,2024-11-16 14:31:00.000000,2024-11-16 15:07:30.272654,coffee_place
UN003,V0821,2024-11-16 14:32:00.000000,2024-11-16 15:29:08.092443,university
CO000,V0825,2024-11-16 14:32:00.000000,2024-11-16 15:31:26.419054,coffee_place
CO002,V2762,2024-11-16 14:33:00.000000,2024-11-16 15:22:34.931100,coffee_place
CO004,V1229,2024-11-16 14:34:00.000000,2024-11-16 15:27:52.063690,coffee_place
CO000,V1629,2024-11-16 14:35:00.000000,2024-11-16 14:59:01.816080,coffee_place
CO000,V2742,2024-11-16 14:36:00.000000,2024-11-16 14:49:42.846741,coffee_place
UN001,V1007,2024-11-16 14:36:00.000000,2024-11-16 16:41:16.863436,university
CO003,V1668,2024-11-16 14:38:00.000000,2024-11-16 14:59:38.822830,coffee_place
CO004,V1839,2024-11-16 14:39:00.000000,,coffee_place
CO001,V2782,2024-11-16 14:40:00.000000,2024-11-16 15:52:25.819230,coffee_place
CO004,V0825,2024-11-16 14:40:00.000000,2024-11-16 15:17:52.590560,coffee_place
CO000,V0370,2024-11-16 14:40:00.000000,2024-11-16 15:19:56.541838,coffee_place
CO002,V1088,2024-11-16 14:42:00.000000,2024-11-16 15:26:30.665416,coffee_place
CO003,V1050,2024-11-16 14:42:00.000000,2024-11-16 15:08:14.511407,coffee_place
CO001,V0528,2024-11-16 14:45:00.000000,2024-11-16 15:27:04.530438,coffee_place
UN004,V2559,2024-11-16 14:46:00.000000,2024-11-16 15:46:04.266914,university
CO004,V2292,2024-11-16 14:47:00.000000,2024-11-16 15:55:24.323800,coffee_place
CO001,V1555,2024-11-16 14:48:00.000000,2024-11-16 15:20:16.212760,coffee_place
CO002,V1585,2024-11-16 15:44:22.118955,2024-11-16 14:49:00.000000,coffee_place
CO002,V1430,2024-11-16 14:50:00.000000,2024-11-16 15:41:40.894267,coffee_place
CO000,V0440,2024-11-16 14:50:00.000000,2024-11-16 15:38:00.777199,coffee_place
CO000,V2787,2024-11-16 14:50:00.000000,2024-11-16 15:09:55.684313,coffee_place
CO001,V1222,2024-11-16 14:51:00.000000,2024-11-16 15:45:24.668518,coffee_place
UN001,V2373,2024-11-16 14:52:00.000000,2024-11-16 17:31:24.438267,university
CO004,V1977,2024-11-16 14:52:00.000000,2024-11-16 16:00:19.812719,coffee_place
CO002,V0650,2024-11-16 14:53:00.000000,2024-11-16 15:57:31.453162,coffee_place
CO000,V1050,2024-11-16 14:54:00.000000,2024-11-16 15:47:06.119122,coffee_place
CO003,V0877,2024-11-16 14:54:00.000000,2024-11-16 15:08:52.628908,coffee_place
CO000,V0211,2024-11-16 14:55:00.000000,2024-11-16 16:03:59.366309,coffee_place
CO000,V1515,2024-11-16 14:55:00.000000,2024-11-16 15:30:02.819393,coffee_place
UN002,V0300,2024-11-16 14:56:00.000000,2024-11-16 15:01:00.000000,university
CO002,V1906,2024-11-16 14:56:00.000000,2024-11-16 15:25:26.419925,coffee_place
UN001,V0032,2024-11-16 14:56:00.000000,2024-11-16 16:32:47.664646,university
CO001,V0952,2024-11-16 14:56:00.000000,2024-11-16 15:11:51.280457,coffee_place
CO003,V0593,2024-11-16 14:57:00.000000,2024-11-16 15:42:25.641267,coffee_place
CO003,V0961,2024-11-16 14:58:00.000000,2024-11-16 16:02:46.487742,coffee_place
CO000,V1969,2024-11-16 14:59:00.000000,2024-11-16 15:49:22.241613,coffee_place
CO000,V1982,2024-11-16 15:01:00.000000,2024-11-16 15:33:56.538541,coffee_place
CO000,V2929,2024-11-16 15:03:00.000000,2024-11-16 15:59:25.116408,coffee_place
CO002,V2740,2024-11-16 15:04:00.000000,2024-11-16 16:06:14.275361,coffee_place
UN000,V1509,2024-11-16 15:04:00.000000,2024-11-16 16:34:50.117321,university
CO002,V1753,2024-11-16 15:05:00.000000,2024-11-16 15:40:42.981533,coffee_place
CO000,V0257,2024-11-16 15:06:00.000000,2024-11-16 15:47:45.902985,coffee_place
CO004,V1405,2024-11-16 15:07:00.000000,2024-11-16 15:40:22.491377,coffee_place
CO001,V2601,2024-11-16 15:07:00.000000,2024-11-16 16:21:52.511023,coffee_place
CO000,V2111,2024-11-16 15:08:00.000000,2024-11-16 15:46:36.584204,coffee_place
UN002,V2513,2024-11-16 15:09:00.000000,2024-11-16 18:22:20.375476,university
UN001,V2880,2024-11-16 15:09:00.000000,2024-11-16 18:02:38.311331,university
CO002,V0615,2024-11-16 15:09:00.000000,2024-11-16 15:55:54.775132,coffee_place
CO004,V2205,2024-11-16 15:11:00.000000,2024-11-16 16:01:08.863308,coffee_place
CO001,V2427,2024-11-16 15:11:00.000000,2024-11-16 16:01:34.926683,coffee_place
CO001,V2736,2024-11-16 15:13:00.000000,2024-11-16 15:54:43.870218,coffee_place
UN001,V2579,2024-11-16 15:16:00.000000,2024-11-16 17:24:38.620784,university
CO001,V2936,2024-11-16 15:18:00.000000,2024-11-16 15:58:27.187389,coffee_place
CO000,V1123,2024-11-16 15:18:00.000000,2024-11-16 16:01:00.027721,coffee_place
CO003,V2787,2024-11-16 15:20:00.000000,2024-11-16 16:15:04.497369,coffee_place
CO003,V1543,2024-11-16 15:20:00.000000,2024-11-16 16:06:58.528726,coffee_place
CO001,V2427,2024-11-16 15:20:00.000000,2024-11-16 16:08:00.023470,coffee_place
CO000,V1692,2024-11-16 15:21:00.000000,2024-11-16 16:10:14.010992,coffee_place
CO000,V2506,2024-11-16 15:23:00.000000,2024-11-16 15:28:00.000000,coffee_place
CO002,V1104,2024-11-16 15:23:00.000000,2024-11-16 16:15:54.729367,coffee_place
CO003,V1903,2024-11-16 15:23:00.000000,2024-11-16 17:22:09.571575,coffee_place
CO001,V1585,2024-11-16 15:25:00.000000,2024-11-16 16:33:05.463116,coffee_place
UN001,V1176,2024-11-16 15:25:00.000000,2024-11-16 16:55:58.776075,university
CO004,V2329,2024-11-16 15:26:00.000000,2024-11-16 16:02:27.957375,coffee_place
CI001,V0496,2024-11-16 15:26:00.000000,2024-11-16 18:40:13.684291,cinema
CO001,V2031,2024-11-16 15:27:00.000000,2024-11-16 16:21:42.838488,coffee_place
CO000,V2786,2024-11-16 15:29:00.000000,2024-11-16 16:49:08.282040,coffee_place
CO001,V1137,2024-11-16 15:30:00.000000,2024-11-16 16:05:15.933875,coffee_place
CO004,V0063,2024-11-16 15:30:00.000000,2024-11-16 15:54:32.020552,coffee_place
CO002,V1403,2024-11-16 15:31:00.000000,2024-11-16 17:52:38.716457,coffee_place
CO004,V1848,2024-11-16 15:31:00.000000,2024-11-16 16:22:47.994797,coffee_place
CO004,V2773,2024-11-16 15:32:00.000000,2024-11-16 16:31:53.426373,coffee_place
CO003,V2161,2024-11-16 15:33:00.000000,2024-11-16 16:34:32.010979,coffee_place
CO001,V0222,2024-11-16 15:35:00.000000,2024-11-16 16:24:11.225326,coffee_place
CO004,V1608,2024-11-16 15:35:00.000000,2024-11-16 16:08:35.030358,coffee_place
CO004,V2391,2024-11-16 15:35:00.000000,2024-11-16 17:49:30.794019,coffee_place
CO003,V0285,2024-11-16 15:35:00.000000,2024-11-16 16:13:34.923550,coffee_place
CO000,V1084,2024-11-16 15:36:00.000000,2024-11-16 16:01:30.598056,coffee_place
CI000,V0261,2024-11-16 15:36:00.000000,2024-11-16 17:41:30.350447,cinema
CO001,V0914,2024-11-16 15:36:00.000000,2024-11-16 16:31:58.077181,coffee_place
CO000,V1510,2024-11-16 15:37:00.000000,2024-11-16 16:20:27.803435,coffee_place
CO000,V2460,2024-11-16 15:37:00.000000,2024-11-16 16:17:43.166601,coffee_place
CO000,V1456,2024-11-16 15:39:00.000000,2024-11-16 16:17:11.227729,coffee_place
UN003,V2442,2024-11-16 15:39:00.000000,2024-11-16 18:02:08.641956,university
UN002,V1179,2024-11-16 15:40:00.000000,2024-11-16 16:50:10.249362,university
UN004,V2680,2024-11-16 15:41:00.000000,2024-11-16 18:24:38.269908,university
CO000,V2682,2024-11-16 15:42:00.000000,2024-11-16 16:35:37.058849,coffee_place
UN003,V1680,2024-11-16 15:43:00.000000,2024-11-16 17:56:45.399407,university
CO004,V0622,2024-11-16 15:44:00.000000,2024-11-16 16:24:12.000157,coffee_place
CO002,V2002,2024-11-16 15:45:00.000000,2024-11-16 16:46:19.594034,coffee_place
CO002,V2728,2024-11-16 15:46:00.000000,2024-11-16 16:22:20.099091,coffee_place
CO003,V2775,2024-11-16 15:48:00.000000,2024-11-16 16:50:53.773731,coffee_place
CO003,V1606,2024-11-16 15:48:00.000000,2024-11-16 16:47:46.878033,coffee_place
CO001,V2568,2024-11-16 15:49:00.000000,2024-11-16 16:00:01.863131,coffee_place
CO003,V0923,2024-11-16 15:50:00.000000,2024-11-16 16:32:27.342886,coffee_place
UN004,V0421,2024-11-16 15:50:00.000000,2024-11-16 16:17:46.020245,university
CO000,V2786,2024-11-16 15:51:00.000000,2024-11-16 16:37:40.446555,coffee_place
CO001,V1446,2024-11-16 15:51:00.000000,2024-11-16 19:02:23.365095,coffee_place
CO001,V2108,2024-11-16 15:52:00.000000,2024-11-16 16:59:32.164672,coffee_place
CO003,V2742,2024-11-16 15:53:00.000000,2024-11-16 16:42:20.723261,coffee_place
CO004,V2219,2024-11-16 15:53:00.000000,2024-11-16 16:50:00.541558,coffee_place
CO002,V0392,2024-11-16 15:54:00.000000,2024-11-16 17:08:09.908182,coffee_place
CO001,V1624,2024-11-16 15:54:00.000000,2024-11-16 16:50:03.996613,coffee_place
CO004,V2835,2024-11-16 15:55:00.000000,2024-11-16 16:11:43.534006,coffee_place
CO001,V2441,2024-11-16 15:56:00.000000,2024-11-16 16:39:04.270628,coffee_place
CO001,V0765,2024-11-16 15:57:00.000000,2024-11-16 16:42:46.022203,coffee_place
CO001,V0315,2024-11-16 15:58:00.000000,2024-11-16 16:44:41.773311,coffee_place
UN000,V1179,2024-11-16 15:59:00.000000,2024-11-16 16:25:49.433935,university
CO004,V2000,2024-11-16 16:00:00.000000,2024-11-16 16:20:06.425590,coffee_place
CO002,V1785,2024-11-16 16:01:00.000000,2024-11-16 16:39:08.374395,coffee_place
CO003,V0296,2024-11-16 16:01:00.000000,2024-11-16 16:48:16.789343,coffee_place
CI002,V0831,2024-11-16 16:01:00.000000,2024-11-16 18:37:16.035781,cinema
CI000,V0891,2024-11-16 16:02:00.000000,2024-11-16 18:18:58.391281,cinema
UN004,V2513,2024-11-16 16:02:00.000000,2024-11-16 17:47:35.730130,university
CO000,V1291,2024-11-16 16:03:00.000000,2024-11-16 16:25:34.800027,coffee_place
CO002,V1669,2024-11-16 16:04:00.000000,2024-11-16 16:43:44.060137,coffee_place
CO000,V2896,2024-11-16 16:04:00.000000,2024-11-16 17:28:47.050886,coffee_place
CO004,V0283,2024-11-16 16:06:00.000000,2024-11-16 17:56:55.955680,coffee_place
CO000,V0555,2024-11-16 16:06:00.000000,2024-11-16 16:52:31.261941,coffee_place
CO001,V1616,2024-11-16 16:07:00.000000,2024-11-16 16:59:56.907417,coffee_place
CO002,V0227,2024-11-16 16:08:00.000000,2024-11-16 16:54:45.215286,coffee_place
CO000,V1669,2024-11-16 16:10:00.000000,2024-11-16 16:52:54.495645,coffee_place
CO002,V0299,2024-11-16 16:10:00.000000,2024-11-16 17:05:49.170710,coffee_place
CO002,V0564,2024-11-16 17:01:07.540021,2024-11-16 16:12:00.000000,coffee_place
UN003,V2680,2024-11-16 16:12:00.000000,2024-11-16 18:16:59.580673,university
CO001,V2657,2024-11-16 16:13:00.000000,2024-11-16 16:56:03.397578,coffee_place
CO000,V0201,2024-11-16 16:14:00.000000,2024-11-16 17:21:41.248441,coffee_place
CO000,V1688,2024-11-16 16:14:00.000000,2024-11-16 16:24:27.745320,coffee_place
UN000,V0288,2024-11-16 16:16:00.000000,2024-11-16 18:02:36.101543,university
UN000,V2141,2024-11-16 16:16:00.000000,2024-11-16 18:26:03.253129,university
UN000,V0439,2024-11-16 16:16:00.000000,2024-11-16 16:47:49.767202,university
CO001,V2882,2024-11-16 16:17:00.000000,2024-11-16 17:09:25.121774,coffee_place
CO001,V2053,2024-11-16 16:18:00.000000,2024-11-16 17:16:32.396047,coffee_place
CI000,V0578,2024-11-16 16:18:00.000000,2024-11-16 18:40:20.286095,cinema
CO004,V0087,2024-11-16 16:18:00.000000,2024-11-16 16:23:00.000000,coffee_place
CO001,V1650,2024-11-16 16:21:00.000000,2024-11-16 17:30:33.073661,coffee_place
CO000,V0926,2024-11-16 16:21:00.000000,2024-11-16 17:02:29.533375,coffee_place
CI002,V1765,2024-11-16 16:22:00.000000,2024-11-16 19:04:06.869953,cinema
CI004,V2669,2024-11-16 16:22:00.000000,2024-11-16 18:42:27.394886,cinema
CI001,V2415,2024-11-16 16:23:00.000000,2024-11-16 18:59:03.084402,cinema
CO004,V1952,2024-11-16 16:23:00.000000,2024-11-16 17:12:07.496867,coffee_place
CO002,V1506,2024-11-16 16:23:00.000000,2024-11-16 17:12:48.597553,coffee_place
CO004,V0737,2024-11-16 16:24:00.000000,2024-11-16 16:58:08.176339,coffee_place
CI003,V1678,2024-11-16 16:25:00.000000,2024-11-16 19:17:11.964039,cinema
CO002,V0417,2024-11-16 16:25:00.000000,2024-11-16 16:51:21.800331,coffee_place
UN004,V2493,2024-11-16 16:25:00.000000,2024-11-16 18:01:25.715199,university
CO004,V0939,2024-11-16 16:26:00.000000,2024-11-16 16:58:07.251362,coffee_place
UN002,V2293,2024-11-16 16:26:00.000000,2024-11-16 17:18:13.925498,university
CO000,V2871,2024-11-16 16:26:00.000000,2024-11-16 16:52:59.101629,coffee_place
CO001,V1211,2024-11-16 16:26:00.000000,2024-11-16 17:12:48.880263,coffee_place
UN001,V0821,2024-11-16 16:27:00.000000,2024-11-16 22:26:53.117750,university
UN004,V1160,2024-11-16 16:29:00.000000,2024-11-16 18:26:14.421794,university
CO000,V0291,2024-11-16 16:29:00.000000,2024-11-16 17:19:00.012305,coffee_place
CI000,V2253,2024-11-16 16:29:00.000000,2024-11-16 19:08:27.516895,cinema
CO001,V1948,2024-11-16 16:29:00.000000,2024-11-16 17:29:09.807127,coffee_place
CO002,V1879,2024-11-16 16:30:00.000000,2024-11-16 17:27:58.370142,coffee_place
CO001,V2896,2024-11-16 16:30:00.000000,2024-11-16 17:48:55.719197,coffee_place
UN002,V0620,2024-11-16 16:31:00.000000,2024-11-16 17:11:27.949746,university
CI003,V2272,2024-11-16 16:31:00.000000,2024-11-16 18:35:29.303284,cinema
CO002,V2283,2024-11-16 16:31:00.000000,2024-11-16 17:02:34.816859,coffee_place
CO000,V1139,2024-11-16 16:32:00.000000,2024-11-16 17:10:55.050231,coffee_place
CO000,V2782,2024-11-16 16:33:00.000000,2024-11-16 17:36:51.613499,coffee_place
CI001,V2651,2024-11-16 16:34:00.000000,2024-11-16 19:22:38.478930,cinema
CI004,V0542,2024-11-16 16:34:00.000000,2024-11-16 18:48:55.944503,cinema
CI000,V1659,2024-11-16 16:35:00.000000,2024-11-16 19:10:25.171080,cinema
UN004,V1891,2024-11-16 16:36:00.000000,2024-11-16 19:08:28.848700,university
CO000,V1222,2024-11-16 16:37:00.000000,2024-11-16 17:45:55.292780,coffee_place
CO003,V1506,2024-11-16 16:37:00.000000,2024-11-16 17:21:04.652180,coffee_place
CO004,V1330,2024-11-16 16:37:00.000000,2024-11-16 16:58:43.008744,coffee_place
CO001,V2270,2024-11-16 16:38:00.000000,2024-11-16 17:30:22.093606,coffee_place
CO002,V2112,2024-11-16 16:39:00.000000,2024-11-16 17:05:13.573100,coffee_place
CO000,V1659,2024-11-16 16:39:00.000000,2024-11-16 17:15:37.962375,coffee_place
CO002,V1013,2024-11-16 16:40:00.000000,2024-11-16 17:11:27.234625,coffee_place
CO000,V0261,2024-11-16 16:40:00.000000,2024-11-16 17:50:59.613096,coffee_place
CO004,V0877,2024-11-16 16:41:00.000000,2024-11-16 17:12:18.854507,coffee_place
CO004,V0689,2024-11-16 16:41:00.000000,2024-11-16 17:39:41.559032,coffee_place
CO001,V1608,2024-11-16 16:41:00.000000,2024-11-16 17:54:14.653822,coffee_place
CI000,V2294,2024-11-16 16:41:00.000000,2024-11-16 18:52:50.965905,cinema
UN002,V0320,2024-11-16 16:43:00.000000,2024-11-16 17:53:55.299199,university
CO002,V2420,2024-11-16 16:43:00.000000,2024-11-16 17:32:17.994502,coffee_place
CI000,V0785,2024-11-16 16:45:00.000000,2024-11-16 18:50:56.917747,cinema
CO001,V1196,2024-11-16 16:46:00.000000,2024-11-16 17:13:29.293284,coffee_place
CI001,V2577,2024-11-16 16:46:00.000000,2024-11-16 19:16:37.960819,cinema
CO004,V0419,2024-11-16 16:46:00.000000,2024-11-16 17:34:29.995853,coffee_place
CO002,V0961,2024-11-16 16:47:00.000000,2024-11-16 17:33:56.298415,coffee_place
CO000,V2283,2024-11-16 16:48:00.000000,2024-11-16 19:44:06.361694,coffee_place
CO002,V0201,2024-11-16 16:48:00.000000,2024-11-16 19:19:04.505074,coffee_place
CO000,V2117,2024-11-16 16:49:00.000000,2024-11-16 19:29:28.696192,coffee_place
CI000,V1849,2024-11-16 16:49:00.000000,2024-11-16 18:54:03.265284,cinema
CO003,V2002,2024-11-16 16:49:00.000000,2024-11-16 17:36:28.648893,coffee_place
CI004,V2878,2024-11-16 16:50:00.000000,2024-11-16 19:16:33.350708,cinema
UN004,V2321,2024-11-16 16:50:00.000000,2024-11-16 18:10:10.800898,university
CO001,V1721,2024-11-16 16:53:00.000000,2024-11-16 17:42:43.305833,coffee_place
CO000,V1969,2024-11-16 16:53:00.000000,2024-11-16 17:18:46.244639,coffee_place
CO002,V1721,2024-11-16 16:54:00.000000,2024-11-16 17:39:19.295398,coffee_place
CO004,V1137,2024-11-16 16:55:00.000000,2024-11-16 17:29:19.805131,coffee_place
CI001,V0028,2024-11-16 16:56:00.000000,2024-11-16 19:15:53.412293,cinema
CO002,V0067,2024-11-16 16:57:00.000000,2024-11-16 17:37:05.596191,coffee_place
CO004,V2275,2024-11-16 16:57:00.000000,2024-11-16 17:30:36.980781,coffee_place
CO002,V2014,2024-11-16 16:58:00.000000,2024-11-16 17:33:19.832687,coffee_place
CO000,V2187,2024-11-16 16:58:00.000000,2024-11-16 17:11:37.989359,coffee_place
CO000,V2031,2024-11-16 16:58:00.000000,2024-11-16 18:06:14.832349,coffee_place
CO004,V2915,2024-11-16 16:59:00.000000,2024-11-16 17:40:54.891316,coffee_place
CI001,V0956,2024-11-16 17:03:00.000000,2024-11-16 19:21:44.937872,cinema
CI004,V1192,2024-11-16 17:04:00.000000,2024-11-16 19:37:32.724183,cinema
UN001,V0748,2024-11-16 17:06:00.000000,2024-11-16 17:34:37.178618,university
UN002,V1078,2024-11-16 17:08:00.000000,2024-11-16 19:05:21.156425,university
UN000,V2744,2024-11-16 17:10:00.000000,2024-11-16 17:15:00.000000,university
UN002,V2326,2024-11-16 17:12:00.000000,2024-11-16 19:16:16.177878,university
CI003,V1227,2024-11-16 17:13:00.000000,2024-11-16 19:38:00.683114,cinema
CO003,V1123,2024-11-16 17:15:00.000000,2024-11-16 18:11:19.054618,coffee_place
CI000,V0059,2024-11-16 17:15:00.000000,2024-11-16 19:47:01.902430,cinema
CI003,V1322,2024-11-16 17:17:00.000000,2024-11-16 19:33:54.665120,cinema
UN004,V1353,2024-11-16 17:22:00.000000,2024-11-16 17:27:00.000000,university
CI000,V0681,2024-11-16 17:24:00.000000,2024-11-16 19:19:24.467517,cinema
CI003,V1499,2024-11-16 17:24:00.000000,2024-11-16 19:43:08.210263,cinema
CI000,V2418,2024-11-16 17:27:00.000000,2024-11-16 19:37:35.630279,cinema
CI001,V1819,2024-11-16 17:29:00.000000,2024-11-16 20:16:10.284506,cinema
CI002,V0196,2024-11-16 17:29:00.000000,2024-11-16 19:27:36.154909,cinema
UN004,V2442,2024-11-16 17:29:00.000000,2024-11-16 19:00:16.768985,university
UN003,V1349,2024-11-16 17:29:00.000000,2024-11-16 17:48:57.833297,university
CI004,V2555,2024-11-16 17:32:00.000000,2024-11-16 20:25:29.617359,cinema
CI000,V0096,2024-11-16 17:32:00.000000,2024-11-16 19:44:34.784804,cinema
CI002,V0280,2024-11-16 17:33:00.000000,2024-11-16 20:10:03.564900,cinema
UN004,V0421,2024-11-16 17:35:00.000000,2024-11-16 18:57:24.765718,university
UN003,V2326,2024-11-16 17:36:00.000000,2024-11-16 19:57:26.070391,university
UN001,V2832,2024-11-16 17:37:00.000000,2024-11-16 20:12:47.828410,university
UN004,V1680,2024-11-16 17:37:00.000000,2024-11-16 19:30:33.460695,university
UN003,V0032,2024-11-16 17:39:00.000000,2024-11-16 19:03:09.734222,university
UN004,V1646,2024-11-16 17:39:00.000000,2024-11-16 20:20:15.180626,university
CI002,V1873,2024-11-16 17:41:00.000000,2024-11-16 20:16:43.937821,cinema
CI000,V0192,2024-11-16 17:44:00.000000,2024-11-16 20:05:16.484361,cinema
UN002,V2693,2024-11-16 17:48:00.000000,2024-11-16 20:29:11.382370,university
CI003,V1501,2024-11-16 17:50:00.000000,2024-11-16 20:32:59.105400,cinema
CI003,V0464,2024-11-16 17:53:00.000000,2024-11-16 20:19:33.827443,cinema
UN000,V1891,2024-11-16 17:54:00.000000,2024-11-16 19:40:49.535502,university
CI004,V0344,2024-11-16 17:54:00.000000,2024-11-16 20:48:47.281360,cinema
UN002,V0743,2024-11-16 17:56:00.000000,2024-11-16 19:59:14.872229,university
CI004,V2474,2024-11-16 17:59:00.000000,2024-11-16 21:02:51.256120,cinema
UN000,V0676,2024-11-16 17:59:00.000000,2024-11-16 20:07:26.938250,university
CI002,V1854,2024-11-16 17:59:00.000000,2024-11-16 20:19:13.557636,cinema
CI002,V2810,2024-11-16 17:59:00.000000,2024-11-16 20:22:12.104898,cinema
CO000,V2015,2024-11-16 18:00:00.000000,2024-11-16 18:43:51.067397,coffee_place
CI001,V0556,2024-11-16 18:04:00.000000,2024-11-16 20:35:57.282463,cinema
CI000,V0336,2024-11-16 18:04:00.000000,2024-11-16 20:27:17.065659,cinema
CI000,V1852,2024-11-16 18:04:00.000000,2024-11-16 20:30:58.556898,cinema
CI003,V0756,2024-11-16 18:09:00.000000,2024-11-16 20:24:52.802994,cinema
CI001,V1655,2024-11-16 18:12:00.000000,2024-11-16 20:32:41.224391,cinema
CI003,V0097,2024-11-16 18:16:00.000000,2024-11-16 21:13:02.175989,cinema
CI003,V0914,2024-11-16 18:16:00.000000,2024-11-16 20:23:03.011502,cinema
CI002,V0656,2024-11-16 18:20:00.000000,2024-11-16 21:31:16.830188,cinema
CI001,V2310,2024-11-16 18:24:00.000000,2024-11-16 20:54:11.472305,cinema
CO000,V2315,2024-11-16 18:24:00.000000,2024-11-16 18:53:09.535302,coffee_place
CO002,V0599,2024-11-16 18:25:00.000000,2024-11-16 19:20:07.506224,coffee_place
CI001,V0670,2024-11-16 18:29:00.000000,2024-11-16 21:22:25.824835,cinema
CO000,V1693,2024-11-16 18:30:00.000000,2024-11-16 18:51:04.184635,coffee_place
UN001,V2326,2024-11-16 18:32:00.000000,2024-11-16 19:12:15.895519,university
UN002,V2051,2024-11-16 19:12:26.897313,2024-11-16 18:32:00.000000,university
CO002,V1848,2024-11-16 18:32:00.000000,2024-11-16 20:38:07.575751,coffee_place
CI002,V0182,2024-11-16 18:34:00.000000,2024-11-16 21:31:13.719230,cinema
CI003,V0739,2024-11-16 18:41:00.000000,2024-11-16 21:02:34.262988,cinema
CI004,V0440,2024-11-16 18:42:00.000000,2024-11-16 21:15:31.684538,cinema
CO004,V0067,2024-11-16 18:47:00.000000,2024-11-16 19:44:56.515094,coffee_place
CI002,V1446,2024-11-16 18:48:00.000000,2024-11-16 20:56:05.034417,cinema
CI002,V2137,2024-11-16 18:48:00.000000,2024-11-16 21:51:20.479378,cinema
CI001,V0034,2024-11-16 18:53:00.000000,2024-11-16 21:14:26.018091,cinema
CI002,V0709,2024-11-16 18:57:00.000000,2024-11-16 21:03:04.181942,cinema
CI004,V2817,2024-11-16 18:58:00.000000,2024-11-17 04:08:10.360325,cinema
CI001,V0071,2024-11-16 19:00:00.000000,2024-11-16 21:34:18.276518,cinema
CI003,V0060,2024-11-16 19:01:00.000000,2024-11-16 21:16:24.439626,cinema
CI000,V0959,2024-11-16 19:04:00.000000,2024-11-16 21:18:43.814850,
CO001,V2420,2024-11-16 19:05:00.000000,2024-11-16 19:59:55.733137,coffee_place
CO003,V2762,2024-11-16 19:05:00.000000,2024-11-16 19:40:37.521365,coffee_place
CO002,V1173,2024-11-16 19:05:00.000000,2024-11-16 19:48:45.089059,coffee_place
CI001,V1099,2024-11-16 19:08:00.000000,2024-11-16 21:49:15.373164,cinema
CI000,V0432,2024-11-16 19:09:00.000000,2024-11-16 21:43:22.172481,cinema
CI003,V0764,2024-11-16 19:09:00.000000,2024-11-16 21:53:27.684389,cinema
UN002,V1160,2024-11-16 19:17:00.000000,2024-11-16 21:09:38.553660,university
CI000,V2165,2024-11-16 19:21:00.000000,2024-11-16 22:01:32.825696,cinema
CI000,V0446,2024-11-16 19:22:00.000000,2024-11-16 21:31:06.806787,cinema
CO001,V2871,2024-11-16 19:23:00.000000,2024-11-16 20:10:01.797020,coffee_place
CI003,V2141,2024-11-16 19:30:00.000000,2024-11-16 22:16:18.941303,cinema
CI004,V2063,2024-11-16 19:34:00.000000,2024-11-16 21:49:04.127939,cinema
CI000,V2861,2024-11-16 19:36:00.000000,2024-11-16 21:53:10.782052,cinema
CI002,V2414,2024-11-16 19:41:00.000000,2024-11-16 22:02:34.576210,cinema
CI002,V1037,2024-11-16 19:42:00.000000,2024-11-16 21:45:24.495100,cinema
CI002,V1631,2024-11-16 19:43:00.000000,2024-11-16 22:32:00.289982,cinema
CI004,V0932,2024-11-16 19:44:00.000000,2024-11-16 22:28:29.313811,cinema
CI001,V0628,2024-11-16 19:45:00.000000,2024-11-16 22:16:44.091645,cinema
CI002,V1830,2024-11-16 19:45:00.000000,2024-11-16 21:37:26.899962,cinema
CO000,V1938,2024-11-16 19:46:00.000000,2024-11-16 23:03:44.792747,coffee_place
CO001,V0697,2024-11-16 20:01:00.000000,2024-11-16 20:48:46.164575,coffee_place
CI001,V0866,2024-11-16 20:01:00.000000,2024-11-16 22:52:34.813635,cinema
CI002,V0012,2024-11-16 20:04:00.000000,2024-11-16 22:40:56.048068,cinema
CI002,V2082,2024-11-16 20:11:00.000000,2024-11-16 22:31:27.785567,cinema
CI000,V0152,2024-11-16 20:13:00.000000,2024-11-16 23:15:31.716882,cinema
CI001,V1086,2024-11-16 20:13:00.000000,2024-11-16 22:29:45.972155,cinema
CI000,V2023,2024-11-16 20:17:00.000000,2024-11-16 22:51:01.380197,cinema
CI004,V0234,2024-11-16 20:25:00.000000,2024-11-16 22:28:08.128022,cinema
CI000,V2589,2024-11-16 20:32:00.000000,2024-11-16 22:43:31.042246,cinema
CO003,V2117,2024-11-16 20:32:00.000000,2024-11-16 21:34:29.168216,coffee_place
CI003,V0081,2024-11-16 20:34:00.000000,2024-11-17 04:10:35.460010,cinema
CI003,V2894,2024-11-16 20:35:00.000000,2024-11-16 23:24:26.368155,cinema
CO004,V0697,2024-11-16 20:41:00.000000,2024-11-16 21:20:05.288708,coffee_place
CI004,V1221,2024-11-16 20:47:00.000000,2024-11-16 23:53:18.147147,cinema
CI002,V2545,2024-11-16 20:49:00.000000,2024-11-16 23:37:33.661353,cinema
CI003,V2161,2024-11-16 20:51:00.000000,2024-11-16 23:23:02.914397,cinema
CO001,V0565,2024-11-16 20:52:00.000000,2024-11-16 21:25:00.584287,coffee_place
CO002,V2477,2024-11-16 20:52:00.000000,2024-11-16 21:45:06.673572,coffee_place
CO004,V2161,2024-11-16 20:52:00.000000,2024-11-16 21:57:40.499414,coffee_place
UN004,V1680,2024-11-16 20:53:00.000000,2024-11-16 21:13:22.766940,university
CI002,V1560,2024-11-16 20:54:00.000000,2024-11-16 23:30:32.783691,cinema
CI003,V2971,2024-11-16 20:54:00.000000,2024-11-17 00:05:05.168539,cinema
UN001,V0805,2024-11-16 21:08:00.000000,2024-11-16 23:39:03.099402,university
CI003,V0202,2024-11-16 21:14:00.000000,2024-11-16 23:20:20.826735,cinema
CI003,V2029,2024-11-16 21:15:00.000000,2024-11-16 23:23:46.938893,cinema
CI000,V0629,2024-11-16 21:15:00.000000,2024-11-16 23:09:16.335826,cinema
CI004,V1549,2024-11-16 21:15:00.000000,2024-11-16 23:57:17.703689,cinema
CO003,V2173,2024-11-16 21:17:00.000000,2024-11-16 21:52:36.698311,coffee_place
CO000,V2407,2024-11-16 21:18:00.000000,2024-11-16 22:25:38.304758,coffee_place
CI001,V0505,2024-11-16 21:20:00.000000,2024-11-17 00:08:19.523039,cinema
CI004,V1343,2024-11-16 23:21:31.242984,2024-11-16 21:21:00.000000,cinema
CI004,V0103,2024-11-16 21:21:00.000000,2024-11-16 23:37:07.908218,cinema
CI004,V2197,2024-11-16 21:25:00.000000,2024-11-17 00:23:40.428278,cinema
CI001,V2484,2024-11-16 21:30:00.000000,2024-11-16 23:12:12.054527,cinema
CO000,V0650,2024-11-16 21:32:00.000000,2024-11-16 21:54:31.966464,coffee_place
CI004,V0855,2024-11-16 21:32:00.000000,2024-11-17 00:08:56.867810,cinema
CI004,V2909,2024-11-16 21:38:00.000000,2024-11-16 23:41:43.438955,cinema
CI002,V2249,2024-11-16 21:39:00.000000,2024-11-17 00:08:54.693584,cinema
CI002,V0046,2024-11-16 21:41:00.000000,2024-11-17 00:49:20.710978,cinema
UN000,V2933,2024-11-16 21:43:00.000000,2024-11-16 22:09:01.758238,university
CI003,V2881,2024-11-16 21:47:00.000000,2024-11-17 00:05:50.777197,cinema
CI000,V2722,2024-11-16 21:48:00.000000,2024-11-16 23:59:53.958880,cinema
CO003,V1446,2024-11-16 21:49:00.000000,2024-11-16 22:54:55.214038,coffee_place
CI003,V1292,2024-11-16 21:50:00.000000,2024-11-17 00:52:47.254598,cinema
CI002,V1604,2024-11-16 21:50:00.000000,2024-11-17 00:07:14.621080,cinema
CI002,V2716,2024-11-16 21:55:00.000000,,cinema
CI003,V1076,2024-11-16 21:59:00.000000,2024-11-17 00:26:59.547764,cinema
CI004,V2092,2024-11-16 22:03:00.000000,2024-11-17 00:17:24.012412,cinema
CO002,V2368,2024-11-16 22:03:00.000000,2024-11-16 22:45:00.409085,coffee_place
CI003,V0423,2024-11-16 22:05:00.000000,2024-11-17 00:21:52.052690,cinema
CI003,V1767,2024-11-16 22:09:00.000000,2024-11-17 00:19:54.021760,cinema
CI001,V2977,2024-11-16 22:10:00.000000,2024-11-17 00:38:33.241201,cinema
CI003,V2549,2024-11-16 22:11:00.000000,2024-11-17 04:37:30.321553,cinema
CI002,V1524,2024-11-16 22:24:00.000000,2024-11-17 01:06:17.051633,cinema
CI002,V2112,2024-11-16 22:24:00.000000,2024-11-17 00:57:11.036840,cinema
CO000,V2893,2024-11-16 22:26:00.000000,2024-11-16 23:17:11.080466,coffee_place
CO001,V0033,2024-11-16 22:32:00.000000,2024-11-16 23:27:15.924585,coffee_place
CO002,V2230,2024-11-16 22:40:00.000000,2024-11-16 23:41:02.740639,coffee_place
CI003,V2089,2024-11-16 22:42:00.000000,2024-11-17 01:05:25.235858,cinema
UN004,V1251,2024-11-16 22:45:00.000000,2024-11-17 02:03:02.675768,university
CI004,V0779,2024-11-16 22:47:00.000000,2024-11-17 01:13:21.767921,cinema
CI000,V0047,2024-11-16 22:50:00.000000,2024-11-17 01:06:31.294347,cinema
CI001,V0461,2024-11-16 22:51:00.000000,2024-11-17 01:56:09.683233,cinema
CI000,V0095,2024-11-16 22:51:00.000000,2024-11-17 01:29:19.841595,cinema
CO004,V2553,2024-11-16 22:52:00.000000,2024-11-16 23:32:22.984358,coffee_place
CI003,V2739,2024-11-16 22:54:00.000000,2024-11-17 01:05:14.775567,cinema
CI001,V2579,2024-11-16 22:55:00.000000,2024-11-17 01:12:49.518612,cinema
CI001,V0274,2024-11-16 22:58:00.000000,2024-11-17 00:58:06.883765,cinema
